timestamp,episode,total_steps,termination_reason,ballast,road_temp,track_grip,wheels_out,offtrack_lapdist,offtrack_x,offtrack_y,stats_total_steps,ep_steps,ep_reward,lapdist,packages_lost,best_lap_reported,ep_bestLapTime,speed_mean,speed_max,max_abs_gap,ep_laps,dt_avg,dt_std,dt_min,dt_max,episode_wall_time,steps_per_episode,buffer_size,fps
2026-06-05 00:18:01.649,1,0,out_of_track,3.56,21.6,90.22,3.0,3918.476746417582,-555.95,180.38,418,415,5.7,3918.48,0,0.0,0.0,1.15,7.17,5.34,1,0.04,0.001,0.039,0.042,41.24,415,10617479,10.06
2026-06-05 00:18:42.937,2,418,out_of_track,39.93,42.43,88.98,3.0,3958.4527742383943,-579.12,213.61,1100,679,22.2,3958.45,0,0.0,0.0,2.72,14.14,8.79,1,0.04,0.001,0.036,0.045,51.75,679,10618158,13.12
2026-06-05 00:19:34.714,3,1100,out_of_track,45.66,48.71,92.19,3.0,3908.408772630355,-549.34,172.78,1323,220,2.7,3908.41,0,0.0,0.0,1.03,5.02,4.73,1,0.04,0.001,0.039,0.042,33.37,220,10618378,6.59
2026-06-05 00:20:08.092,4,1323,out_of_track,45.11,30.29,95.71,4.0,3908.520988730743,-535.99,183.17,1647,321,4.9,3908.52,0,0.0,0.0,1.26,8.44,12.2,1,0.04,0.001,0.039,0.042,37.44,321,10618699,8.57
2026-06-05 00:20:45.541,5,1647,out_of_track,18.44,49.44,96.36,3.0,159.78802920135422,-65.41,273.97,2763,1113,256.9,159.79,17,0.0,0.0,19.21,47.1,10.02,1,-0.006,1.565,-52.155,0.681,69.77,1113,10619812,15.95
2026-06-05 00:21:55.342,6,2763,low_speed,34.12,37.41,85.69,,,,,3291,525,42.1,4042.25,0,0.0,0.0,6.67,21.3,7.49,1,0.041,0.017,0.009,0.333,46.27,525,10620337,11.35
2026-06-05 00:22:41.616,7,3291,low_speed,13.79,32.26,85.32,,,,,3983,689,78.1,4149.77,0,0.0,0.0,9.43,27.09,8.96,1,0.04,0.001,0.039,0.042,52.2,689,10621026,13.2
2026-06-05 00:23:33.826,8,3983,low_speed,14.7,31.25,97.47,,,,,4379,393,10.8,3937.02,0,0.0,0.0,2.29,11.84,1.97,1,0.04,0.001,0.039,0.042,40.32,393,10621419,9.75
2026-06-05 00:24:14.147,9,4379,out_of_track,21.29,48.24,86.95,3.0,4149.322781574738,-527.39,381.18,4735,353,75.6,4149.32,0,0.0,0.0,17.79,27.5,9.97,1,0.04,0.001,0.039,0.042,38.7,353,10621772,9.12
2026-06-05 00:24:52.857,10,4735,out_of_track,34.72,45.92,86.86,3.0,871.4368444788852,530.7,-118.58,5826,1088,470.9,871.44,0,0.0,0.0,36.04,64.78,13.18,1,0.005,1.166,-38.415,0.042,68.11,1088,10622860,15.97
2026-06-05 00:26:00.995,11,5826,out_of_track,16.87,38.84,92.93,3.0,4183.314133173408,-538.48,412.89,6217,388,85.6,4183.31,0,0.0,0.0,18.33,28.26,4.94,1,0.04,0.001,0.039,0.042,40.13,388,10623248,9.67
2026-06-05 00:26:41.127,12,6217,out_of_track,13.41,35.84,85.43,3.0,871.1562358034644,531.31,-118.22,7226,1006,471.5,871.16,0,0.0,0.0,39.02,67.26,13.81,1,0.003,1.157,-36.645,0.042,64.83,1006,10624254,15.52
2026-06-05 00:27:45.988,13,7226,out_of_track,32.57,37.74,85.33,4.0,56.484525802309236,-144.38,342.07,7902,673,224.5,56.48,0,0.0,0.0,27.75,48.41,4.18,1,-0.014,1.398,-36.24,0.042,51.48,673,10624927,13.07
2026-06-05 00:28:37.478,14,7902,out_of_track,28.47,39.4,89.35,3.0,904.4262568348859,516.2,-154.68,8950,1045,479.5,904.43,0,0.0,0.0,38.2,65.5,7.7,1,0.005,1.117,-36.054,0.042,66.41,1045,10625972,15.74
2026-06-05 00:29:43.913,15,8950,out_of_track,6.28,44.54,87.75,3.0,902.4965504549255,517.25,-152.86,10011,1058,480.0,902.5,0,0.0,0.0,37.77,66.91,7.71,1,0.005,1.126,-36.594,0.042,66.97,1058,10627030,15.8
2026-06-05 00:30:50.905,16,10011,out_of_track,18.96,29.09,99.62,4.0,4150.61107714675,-530.15,381.23,10306,292,74.7,4150.61,0,0.0,0.0,21.25,35.25,7.11,1,0.04,0.001,0.039,0.042,36.23,292,10627322,8.06
2026-06-05 00:31:27.138,17,10306,out_of_track,20.25,30.58,90.89,3.0,914.6550280830343,510.63,-163.12,11332,1023,482.5,914.66,0,0.0,0.0,39.27,67.95,7.3,1,0.006,1.097,-35.043,0.042,65.54,1023,10628345,15.61
2026-06-05 00:32:32.706,18,11332,out_of_track,16.92,48.75,94.92,3.0,1747.8861905736267,92.79,-253.16,12850,1515,732.1,1747.89,0,0.0,0.0,40.25,69.44,9.2,1,0.017,0.899,-34.965,0.042,85.24,1515,10629860,17.77
2026-06-05 00:33:57.977,19,12850,out_of_track,46.77,39.93,96.71,3.0,2971.2885602208553,-158.54,-101.57,15255,2402,1100.3,2971.29,0,0.0,0.0,38.16,65.98,6.1,1,0.025,0.722,-35.346,0.057,120.83,2402,10632262,19.88
2026-06-05 00:35:58.830,20,15255,out_of_track,28.94,44.87,95.84,3.0,4109.638789312739,-527.96,343.68,15526,268,61.3,4109.64,0,0.0,0.0,18.99,28.9,10.65,1,0.04,0.001,0.039,0.042,35.28,268,10632530,7.6
2026-06-05 00:36:34.112,21,15526,out_of_track,22.42,43.52,89.9,3.0,2959.3613572386676,-151.87,-112.32,18025,2496,1102.9,2959.36,0,0.0,0.0,36.81,64.86,7.99,1,0.026,0.708,-35.313,0.045,124.58,2496,10635026,20.04
2026-06-05 00:38:38.719,22,18025,out_of_track,7.18,33.17,90.68,3.0,870.9329668183636,530.87,-117.97,18989,961,470.5,870.93,0,0.0,0.0,40.75,66.5,13.39,1,0.004,1.122,-34.728,0.045,63.04,961,10635987,15.24
2026-06-05 00:39:41.766,23,18989,out_of_track,8.69,43.17,91.13,3.0,878.4847682522013,530.1,-127.23,19956,964,472.1,878.48,0,0.0,0.0,40.77,68.23,12.66,1,0.004,1.112,-34.488,0.042,63.15,964,10636951,15.26
2026-06-05 00:40:44.928,24,19956,out_of_track,45.58,38.65,91.51,3.0,868.5128623948185,530.88,-114.96,20938,979,469.1,868.51,0,0.0,0.0,39.89,68.52,13.65,1,0.004,1.128,-35.262,0.042,63.76,979,10637930,15.36
2026-06-05 00:41:48.692,25,20938,low_speed,3.52,44.76,91.0,,,,,21616,675,95.7,4215.21,0,0.0,0.0,11.8,30.55,10.71,1,0.04,0.001,0.039,0.042,51.55,675,10638605,13.09
2026-06-05 00:42:40.248,26,21616,out_of_track,10.22,29.07,96.56,3.0,2647.6028608392517,142.4,-75.19,26876,5257,2385.1,2647.6,0,121.645,121.64,37.8,68.4,10.84,2,0.01,1.749,-121.602,0.045,235.23,5257,10643862,22.35
2026-06-05 00:46:35.509,27,26876,out_of_track,13.76,25.3,96.22,3.0,744.2501583570993,425.86,-42.44,27799,920,430.0,744.25,0,0.0,0.0,38.91,68.77,12.24,1,0.001,1.185,-35.907,0.042,61.38,920,10644782,14.99
2026-06-05 00:47:36.900,28,27799,out_of_track,49.93,24.62,95.24,3.0,3509.08969528522,-417.4,332.68,30556,2754,1265.5,3509.09,0,0.0,0.0,38.28,66.42,7.17,1,0.027,0.673,-35.271,0.045,134.9,2754,10647536,20.41
2026-06-05 00:49:51.813,29,30556,out_of_track,9.04,37.47,90.33,3.0,895.5092507455993,521.79,-146.14,31565,1006,478.3,895.51,0,0.0,0.0,39.58,69.0,8.86,1,0.005,1.099,-34.815,0.042,64.89,1006,10648542,15.5
2026-06-05 00:50:56.707,30,31565,max_steps,22.68,39.46,98.95,,,,,46569,15001,7018.1,4288.89,0,114.866,114.87,38.98,71.31,8.96,5,0.007,1.926,-117.81,0.045,625.71,15001,10663541,23.97
2026-06-05 01:01:22.453,31,46569,out_of_track,44.44,21.86,95.6,3.0,2678.359104373085,112.66,-88.15,48806,2234,1014.8,2678.36,0,0.0,0.0,37.84,70.13,6.26,1,0.025,0.73,-34.455,0.048,114.06,2234,10665777,19.59
2026-06-05 01:03:16.518,32,48806,out_of_track,2.28,27.76,97.69,3.0,2600.6368647555064,162.72,-28.72,50922,2113,990.7,2600.64,0,0.0,0.0,39.05,68.58,6.29,1,0.023,0.772,-35.448,0.045,109.26,2113,10667890,19.34
2026-06-05 01:05:05.781,33,50922,out_of_track,49.7,28.04,95.99,3.0,4177.268148642761,-541.97,407.16,54267,3342,1469.6,4177.27,0,0.0,0.0,36.63,68.34,11.72,1,0.029,0.612,-35.322,0.045,158.5,3342,10671232,21.08
2026-06-05 01:07:44.292,34,54267,out_of_track,21.29,44.24,89.86,3.0,4180.806240178645,-539.94,410.56,54623,353,84.9,4180.81,0,0.0,0.0,19.99,33.86,5.59,1,0.04,0.001,0.036,0.042,38.73,353,10671585,9.11
2026-06-05 01:08:23.028,35,54623,out_of_track,23.92,43.21,92.57,3.0,4150.845636166341,-530.3,381.39,54921,295,75.1,4150.85,0,0.0,0.0,21.14,35.63,7.95,1,0.04,0.001,0.039,0.042,36.37,295,10671880,8.11
2026-06-05 01:08:59.400,36,54921,out_of_track,5.21,29.1,87.88,3.0,937.5050999489395,486.74,-179.02,56019,1095,493.1,937.51,0,0.0,0.0,37.49,70.57,9.95,1,0.007,1.093,-36.132,0.042,68.42,1095,10672975,16.0
2026-06-05 01:10:07.825,37,56019,out_of_track,34.24,22.62,92.93,3.0,2635.5456513992976,152.21,-66.78,58235,2213,1007.3,2635.55,0,0.0,0.0,37.91,69.61,11.04,1,0.024,0.738,-34.686,0.042,113.21,2213,10675188,19.55
2026-06-05 01:12:01.047,38,58235,out_of_track,1.64,30.82,99.83,3.0,3482.7131640401785,-394.99,362.9,60808,2570,1256.0,3482.71,0,0.0,0.0,40.71,68.84,19.66,1,0.027,0.657,-33.267,0.042,127.56,2570,10677758,20.15
2026-06-05 01:14:08.611,39,60808,out_of_track,14.35,39.52,97.41,3.0,988.837670826797,497.34,-233.68,61849,1038,503.7,988.84,0,0.0,0.0,40.4,69.76,7.44,1,0.008,1.042,-33.543,0.042,66.16,1038,10678796,15.69
2026-06-05 01:15:14.782,40,61849,out_of_track,17.97,23.47,94.47,3.0,2524.42707921291,235.3,1.61,72556,10704,5109.0,2524.43,0,114.932,114.93,39.77,70.09,10.41,4,0.004,1.971,-117.174,0.048,453.54,10704,10689500,23.6
2026-06-05 01:22:48.340,41,72556,out_of_track,33.99,21.65,88.87,3.0,946.9118198372962,484.77,-189.72,73659,1100,494.0,946.91,0,0.0,0.0,37.39,67.63,10.73,1,0.008,1.07,-35.445,0.042,68.67,1100,10690600,16.02
2026-06-05 01:23:57.017,42,73659,max_steps,42.17,40.41,98.16,,,,,88663,15001,7117.9,28.12,0,114.353,114.35,39.54,70.03,6.01,6,-0.001,2.122,-117.333,0.045,625.78,15001,10705599,23.97
2026-06-05 01:34:22.838,43,88663,out_of_track,18.59,42.36,91.58,3.0,2139.4051541505905,441.61,-311.25,90508,1842,858.5,2139.41,0,0.0,0.0,38.82,67.86,10.52,1,0.021,0.801,-34.329,0.042,98.35,1842,10707443,18.73
2026-06-05 01:36:01.196,44,90508,out_of_track,48.86,40.24,87.92,3.0,887.1286923557273,526.59,-137.33,91493,982,474.7,887.13,0,0.0,0.0,40.25,69.79,10.72,1,0.005,1.099,-34.392,0.042,63.86,982,10708425,15.38
2026-06-05 01:37:05.063,45,91493,out_of_track,41.97,27.54,96.8,3.0,3805.3719492543314,-478.56,94.15,94395,2899,1357.6,3805.37,0,0.0,0.0,39.01,70.36,9.1,1,0.028,0.622,-33.471,0.042,140.73,2899,10711324,20.6
2026-06-05 01:39:25.801,46,94395,out_of_track,38.69,24.99,85.75,3.0,881.2227042527593,528.99,-130.48,95388,990,473.8,881.22,0,0.0,0.0,39.84,68.76,11.88,1,0.005,1.115,-35.052,0.042,64.22,990,10712314,15.42
2026-06-05 01:40:30.029,47,95388,out_of_track,16.31,29.6,98.38,3.0,3824.7801343631,-495.92,106.59,101159,5768,2744.1,3824.78,0,116.239,116.24,39.64,69.7,6.72,2,0.014,1.591,-116.196,0.042,255.75,5768,10718082,22.55
2026-06-05 01:44:45.794,48,101159,out_of_track,24.42,46.96,96.32,3.0,1772.2541904706304,105.49,-227.96,114460,13298,6288.8,1772.25,0,116.051,116.05,39.41,69.68,12.65,5,0.002,2.069,-120.804,0.048,557.51,13298,10731380,23.85
2026-06-05 01:54:03.329,49,114460,out_of_track,24.87,29.59,90.88,3.0,2984.5648196879483,-165.03,-89.32,116867,2404,1112.6,2984.56,0,0.0,0.0,38.55,69.74,7.03,1,0.026,0.706,-34.557,0.045,120.85,2404,10733784,19.89
2026-06-05 01:56:04.190,50,116867,max_steps,44.75,39.2,98.26,,,,,131871,15001,7123.3,47.33,0,114.113,114.11,39.57,70.03,10.98,6,-0.001,2.12,-116.751,0.045,625.7,15001,10748783,23.97
2026-06-05 02:06:29.932,51,131871,out_of_track,24.46,45.73,94.03,3.0,2203.784488885358,440.0,-241.69,133725,1851,873.5,2203.78,0,0.0,0.0,39.31,69.49,6.54,1,0.022,0.787,-33.837,0.048,98.73,1851,10750636,18.75
2026-06-05 02:08:08.673,52,133725,out_of_track,40.47,23.41,94.21,3.0,4032.543591368303,-573.89,288.33,142652,8924,4193.8,4032.54,0,117.017,117.02,39.16,69.63,12.01,3,0.01,1.792,-117.564,0.051,382.24,8924,10759560,23.35
2026-06-05 02:14:30.927,53,142652,out_of_track,30.14,27.13,93.27,3.0,885.7810727843025,526.87,-135.72,152505,9850,4640.0,885.78,0,117.983,117.98,39.25,70.73,12.98,4,0.0,2.097,-119.223,0.045,419.34,9850,10769410,23.49
2026-06-05 02:21:30.287,54,152505,out_of_track,38.72,21.08,89.64,3.0,880.6107159589374,528.94,-129.72,153468,960,472.7,880.61,0,0.0,0.0,40.99,70.25,11.73,1,0.004,1.104,-34.176,0.042,63.06,960,10770370,15.22
2026-06-05 02:22:33.355,55,153468,out_of_track,46.95,27.3,95.65,3.0,889.8237262252223,525.17,-140.3,154423,952,475.2,889.82,0,0.0,0.0,41.55,71.44,10.11,1,0.004,1.098,-33.831,0.042,62.69,952,10771322,15.18
2026-06-05 02:23:36.057,56,154423,max_steps,22.12,40.52,99.46,,,,,169427,15001,7164.9,186.58,0,113.141,113.14,39.8,71.63,7.35,6,-0.001,2.115,-116.379,0.045,625.77,15001,10786321,23.97
2026-06-05 02:34:01.873,57,169427,out_of_track,1.41,47.32,86.66,3.0,4129.349136799137,-513.09,368.27,169709,279,71.2,4129.35,0,0.0,0.0,21.2,32.51,13.3,1,0.04,0.001,0.036,0.045,35.71,279,10786602,7.81
2026-06-05 02:34:37.592,58,169709,out_of_track,17.1,25.22,89.15,3.0,4144.3064481896,-524.4,378.72,170013,301,74.7,4144.31,0,0.0,0.0,20.63,32.83,10.13,1,0.04,0.001,0.039,0.042,36.6,301,10786903,8.22
2026-06-05 02:35:14.197,59,170013,out_of_track,29.39,43.28,91.02,3.0,4133.256994070689,-517.05,371.52,170297,281,72.3,4133.26,0,0.0,0.0,21.38,33.43,11.82,1,0.04,0.001,0.039,0.042,35.79,281,10787184,7.85
2026-06-05 02:35:49.991,60,170297,out_of_track,30.52,24.11,88.26,3.0,884.3765924937179,527.59,-134.15,171290,990,475.3,884.38,0,0.0,0.0,39.97,69.37,11.05,1,0.005,1.111,-34.92,0.042,64.18,990,10788174,15.42
2026-06-05 02:36:54.183,61,171290,out_of_track,28.99,48.26,94.53,3.0,4026.831791858567,-577.5,283.36,174400,3107,1423.6,4026.83,0,0.0,0.0,38.17,66.91,6.35,1,0.029,0.604,-33.633,0.048,149.06,3107,10791281,20.84
2026-06-05 02:39:23.256,62,174400,out_of_track,13.91,42.28,88.26,3.0,882.6351217797128,528.16,-132.07,175366,963,473.4,882.64,0,0.0,0.0,40.92,70.33,11.26,1,0.005,1.098,-34.038,0.042,63.13,963,10792244,15.25
2026-06-05 02:40:26.395,63,175366,out_of_track,25.27,38.57,91.56,3.0,2587.4876010703156,170.44,-16.67,180520,5151,2378.6,2587.49,0,121.688,121.69,38.47,70.62,8.55,2,0.01,1.759,-121.644,0.045,230.96,5151,10797395,22.3
2026-06-05 02:44:17.364,64,180520,max_steps,13.3,45.63,99.27,,,,,195524,15001,7229.4,441.11,0,112.692,112.69,40.16,70.21,6.71,6,-0.0,2.095,-114.768,0.048,625.76,15001,10812394,23.97
2026-06-05 02:54:43.168,65,195524,max_steps,13.17,42.77,98.57,,,,,210528,15001,7250.1,502.56,0,112.938,112.94,40.27,68.65,7.46,6,-0.0,2.097,-114.444,0.048,625.76,15001,10827395,23.97
2026-06-05 03:05:08.969,66,210528,low_speed,0.64,45.35,96.03,,,,,216424,5893,2664.0,3551.25,0,117.116,117.12,37.66,70.3,7.89,2,0.014,1.587,-117.072,0.051,260.71,5893,10833290,22.6
2026-06-05 03:09:29.689,67,216424,max_steps,43.7,34.84,96.27,,,,,231428,15001,7147.7,68.25,0,113.312,113.31,39.7,70.74,8.95,6,-0.001,2.121,-117.36,0.048,625.77,15001,10848289,23.97
2026-06-05 03:19:55.480,68,231428,out_of_track,27.1,20.71,97.25,3.0,4047.4792806321057,-552.45,288.74,242998,11567,5567.8,4047.48,0,112.678,112.68,40.11,70.94,11.26,4,0.008,1.854,-114.36,0.045,488.16,11567,10859858,23.7
2026-06-05 03:28:03.659,69,242998,out_of_track,3.48,33.24,97.28,3.0,1759.088641765993,97.5,-240.92,244470,1469,735.9,1759.09,0,0.0,0.0,41.72,69.71,8.18,1,0.017,0.869,-33.264,0.042,83.41,1469,10861327,17.61
2026-06-05 03:29:27.076,70,244470,max_steps,16.16,33.69,98.84,,,,,259474,15001,7254.1,516.38,0,113.063,113.06,40.3,70.97,10.62,6,-0.0,2.095,-115.638,0.045,625.8,15001,10876326,23.97
2026-06-05 03:39:52.915,71,259474,out_of_track,35.42,20.08,93.5,3.0,3012.307376681856,-177.95,-64.35,261827,2350,1118.4,3012.31,0,0.0,0.0,39.64,70.24,6.12,1,0.026,0.693,-33.561,0.045,118.73,2350,10878678,19.79
2026-06-05 03:41:51.655,72,261827,max_steps,42.8,25.21,96.3,,,,,276831,15001,7286.7,604.35,0,112.694,112.69,40.48,71.26,6.75,6,-0.0,2.092,-114.336,0.048,625.79,15001,10893677,23.97
2026-06-05 03:52:17.488,73,276831,max_steps,13.22,26.46,96.08,,,,,291835,15001,7285.6,590.98,0,112.378,112.38,40.47,71.14,8.45,6,-0.0,2.093,-114.828,0.048,625.7,15001,10908678,23.97
2026-06-05 04:02:43.216,74,291835,out_of_track,36.1,47.1,88.08,3.0,4137.682687590859,-520.41,374.97,292122,284,72.9,4137.68,0,0.0,0.0,21.32,34.22,11.23,1,0.04,0.001,0.039,0.042,35.94,284,10908964,7.9
2026-06-05 04:03:19.166,75,292122,out_of_track,5.96,46.85,96.79,3.0,4177.180565344897,-542.14,407.12,301057,8932,4229.5,4177.18,0,114.244,114.24,39.46,71.18,8.46,3,0.011,1.752,-115.065,0.045,382.53,8932,10917896,23.35
2026-06-05 04:09:41.713,76,301057,max_steps,4.69,23.89,98.6,,,,,316061,15001,7343.6,799.26,0,111.963,111.96,40.79,70.76,7.97,6,0.0,2.079,-113.844,0.048,625.76,15001,10932895,23.97
2026-06-05 04:20:07.523,77,316061,max_steps,38.16,31.24,98.36,,,,,331065,15001,7355.4,810.67,0,112.348,112.35,40.86,70.59,8.95,6,0.0,2.079,-113.484,0.045,625.83,15001,10947896,23.97
2026-06-05 04:30:33.398,78,331065,out_of_track,16.78,26.07,89.56,3.0,2982.2348302669707,-163.57,-91.22,333510,2442,1109.2,2982.23,0,0.0,0.0,37.84,66.69,7.5,1,0.026,0.694,-34.251,0.042,122.39,2442,10950340,19.95
2026-06-05 04:32:35.794,79,333510,max_steps,19.77,42.74,94.55,,,,,348514,15001,7108.2,4488.19,0,114.854,114.85,39.48,70.62,10.65,5,0.007,1.913,-117.147,0.048,625.75,15001,10965339,23.97
2026-06-05 04:43:01.566,80,348514,max_steps,24.9,37.89,96.16,,,,,363518,15001,7221.9,340.78,0,112.999,113.0,40.12,69.29,7.0,6,-0.0,2.106,-116.178,0.042,625.82,15001,10980340,23.97
2026-06-05 04:53:27.404,81,363518,max_steps,35.24,22.21,92.69,,,,,378522,15001,7024.9,4227.39,0,115.899,115.9,39.02,71.72,9.27,5,0.006,1.936,-119.226,0.048,625.8,15001,10995341,23.97
2026-06-05 05:03:53.231,82,378522,max_steps,18.72,45.99,99.39,,,,,393526,15001,7279.1,565.21,0,112.59,112.59,40.43,70.02,6.61,6,-0.0,2.094,-114.882,0.048,625.81,15001,11010342,23.97
2026-06-05 05:14:19.069,83,393526,out_of_track,28.36,43.56,97.68,3.0,4014.3933213751006,-586.02,272.42,405131,11602,5566.7,4014.39,0,114.454,114.45,39.98,71.9,8.3,4,0.007,1.872,-115.179,0.045,489.55,11602,11021946,23.7
2026-06-05 05:22:28.645,84,405131,out_of_track,13.82,32.43,91.51,3.0,897.9523457848336,520.35,-148.65,406116,982,478.2,897.95,0,0.0,0.0,40.54,69.37,8.55,1,0.005,1.085,-33.96,0.042,63.88,982,11022928,15.37
2026-06-05 05:23:32.532,85,406116,out_of_track,21.23,21.79,88.13,3.0,1771.3108909828588,104.87,-228.87,407665,1546,744.4,1771.31,0,0.0,0.0,40.1,68.29,7.81,1,0.018,0.869,-34.128,0.042,86.51,1546,11024474,17.87
2026-06-05 05:24:59.054,86,407665,out_of_track,44.85,29.01,89.57,3.0,3718.741940848413,-388.72,123.72,410665,2997,1340.2,3718.74,0,0.0,0.0,37.25,70.48,14.06,1,0.028,0.64,-35.016,0.045,144.65,2997,11027471,20.72
2026-06-05 05:27:23.720,87,410665,out_of_track,4.49,30.7,99.25,3.0,4142.624575172813,-523.62,377.81,419429,8761,4208.6,4142.62,0,112.086,112.09,40.03,69.65,10.31,3,0.01,1.741,-113.664,0.045,375.67,8761,11036232,23.32
2026-06-05 05:33:39.404,88,419429,out_of_track,3.06,28.48,93.91,3.0,1006.6813992774769,506.22,-250.31,432045,12613,6046.3,1006.68,0,114.158,114.16,39.94,71.6,7.86,5,0.001,2.076,-117.15,0.048,530.07,12613,11048845,23.79
2026-06-05 05:42:29.498,89,432045,out_of_track,17.45,49.9,93.76,3.0,1760.6190230472566,98.54,-239.42,433556,1508,740.3,1760.62,0,0.0,0.0,40.88,67.33,7.98,1,0.018,0.864,-33.495,0.042,84.95,1508,11050353,17.75
2026-06-05 05:43:54.453,90,433556,out_of_track,28.27,42.05,85.51,3.0,1290.1270208800997,473.85,-477.82,434877,1318,599.4,1290.13,0,0.0,0.0,37.87,67.43,12.18,1,0.014,0.96,-34.806,0.042,77.38,1318,11051671,17.03
2026-06-05 05:45:11.840,91,434877,max_steps,20.34,32.03,98.49,,,,,449881,15001,7344.2,826.61,0,111.868,111.87,40.8,71.66,7.23,6,0.0,2.078,-114.753,0.042,625.8,15001,11066670,23.97
2026-06-05 05:55:37.669,92,449881,out_of_track,30.83,20.78,93.95,3.0,1816.1086530488683,144.88,-199.76,451428,1544,756.0,1816.11,0,0.0,0.0,40.78,70.75,9.8,1,0.018,0.851,-33.387,0.042,86.46,1544,11068216,17.86
2026-06-05 05:57:04.135,93,451428,out_of_track,39.17,49.08,87.17,3.0,890.0972871821432,524.57,-140.42,452417,986,476.0,890.1,0,0.0,0.0,40.19,69.65,9.57,1,0.005,1.101,-34.545,0.042,64.05,986,11069202,15.39
2026-06-05 05:58:08.194,94,452417,out_of_track,31.85,45.28,95.61,3.0,4190.626791149407,-534.32,419.48,458591,6171,2857.7,4190.63,0,116.224,116.22,38.58,71.64,7.4,2,0.016,1.54,-116.181,0.045,271.86,6171,11075373,22.7
2026-06-05 06:02:40.067,95,458591,max_steps,22.13,30.0,93.03,,,,,473595,15001,7099.4,4505.23,0,113.36,113.36,39.44,70.02,11.22,5,0.007,1.919,-119.052,0.048,625.79,15001,11090372,23.97
2026-06-05 06:13:05.884,96,473595,out_of_track,35.65,31.94,94.44,3.0,3764.787217513367,-431.47,88.46,482288,8690,4123.6,3764.79,0,116.755,116.75,39.54,71.52,13.21,3,0.009,1.812,-117.282,0.042,372.78,8690,11099064,23.31
2026-06-05 06:19:18.679,97,482288,out_of_track,3.28,39.8,94.22,3.0,3484.3734149303054,-397.37,361.32,490709,8418,4030.0,3484.37,0,115.913,115.91,39.89,71.46,18.7,3,0.008,1.832,-117.042,0.045,361.86,8418,11107482,23.26
2026-06-05 06:25:20.556,98,490709,out_of_track,6.04,42.33,88.55,3.0,3485.844814334414,-399.49,360.09,493465,2753,1266.5,3485.84,0,0.0,0.0,38.32,66.93,18.13,1,0.027,0.66,-34.572,0.045,134.87,2753,11110235,20.41
2026-06-05 06:27:35.438,99,493465,max_steps,49.96,33.81,97.9,,,,,508469,15001,7317.0,690.4,0,111.958,111.96,40.64,71.61,7.25,6,-0.0,2.086,-114.585,0.045,625.82,15001,11125234,23.97
2026-06-05 06:38:01.282,100,508469,max_steps,38.31,20.97,97.17,,,,,523473,15001,7363.3,881.99,0,111.823,111.82,40.9,72.26,6.36,6,0.0,2.071,-113.403,0.045,625.76,15001,11140235,23.97
2026-06-05 06:48:27.082,101,523473,out_of_track,37.21,30.97,91.39,3.0,2158.245279463372,451.03,-290.14,525299,1823,860.4,2158.25,0,0.0,0.0,39.31,68.67,9.71,1,0.021,0.804,-34.272,0.045,97.62,1823,11142060,18.68
2026-06-05 06:50:04.710,102,525299,out_of_track,10.82,20.62,85.39,3.0,886.92485591484,526.39,-136.99,526291,989,474.7,886.92,0,0.0,0.0,39.96,70.48,10.46,1,0.005,1.114,-34.983,0.042,64.16,989,11143049,15.41
2026-06-05 06:51:08.879,103,526291,max_steps,21.11,35.63,98.43,,,,,541295,15001,7380.4,907.25,0,111.517,111.52,41.0,71.64,6.74,6,0.0,2.07,-113.544,0.048,625.79,15001,11158048,23.97
2026-06-05 07:01:34.714,104,541295,max_steps,37.84,28.86,90.25,,,,,556299,15001,7008.9,4146.66,0,116.36,116.36,38.93,71.56,13.37,5,0.006,1.946,-120.396,0.045,625.75,15001,11173049,23.97
2026-06-05 07:12:00.478,105,556299,max_steps,17.7,36.44,96.51,,,,,571303,15001,7339.3,769.54,0,111.572,111.57,40.77,72.09,7.16,6,0.0,2.083,-114.717,0.051,625.8,15001,11188050,23.97
2026-06-05 07:22:26.306,106,571303,out_of_track,19.44,27.41,88.71,3.0,1764.915394354175,100.66,-234.94,572844,1538,742.0,1764.92,0,0.0,0.0,40.18,70.42,8.01,1,0.018,0.874,-34.23,0.042,86.18,1538,11189590,17.85
2026-06-05 07:23:52.496,107,572844,out_of_track,30.86,31.33,88.72,3.0,1777.6740912704554,109.48,-223.22,577489,4642,2140.1,1777.67,0,123.289,123.29,38.41,71.06,11.58,2,0.006,1.881,-123.249,0.045,210.6,4642,11194232,22.04
2026-06-05 07:27:23.107,108,577489,out_of_track,38.49,43.87,85.94,3.0,896.7478017414032,521.05,-147.42,578529,1037,478.3,896.75,0,0.0,0.0,38.4,69.75,8.67,1,0.005,1.127,-36.246,0.042,66.07,1037,11195269,15.69
2026-06-05 07:28:29.189,109,578529,out_of_track,0.14,26.33,92.09,3.0,1779.4491583901254,110.81,-221.71,580027,1495,744.0,1779.45,0,0.0,0.0,41.45,71.13,8.04,1,0.017,0.877,-33.861,0.042,84.46,1495,11196764,17.7
2026-06-05 07:29:53.660,110,580027,out_of_track,5.44,25.58,85.11,3.0,2145.9559742840793,446.32,-304.4,581884,1854,860.7,2145.96,0,0.0,0.0,38.66,69.98,10.55,1,0.021,0.804,-34.563,0.042,98.86,1854,11198618,18.75
2026-06-05 07:31:32.531,111,581884,out_of_track,18.16,25.58,89.15,3.0,2167.696612094078,451.21,-278.88,583738,1851,866.7,2167.7,0,0.0,0.0,39.0,68.35,8.68,1,0.021,0.799,-34.35,0.048,98.72,1851,11200469,18.75
2026-06-05 07:33:11.259,112,583738,out_of_track,24.62,32.27,86.51,3.0,4018.185130776983,-583.23,275.79,586986,3245,1433.6,4018.19,0,0.0,0.0,36.8,71.34,11.17,1,0.029,0.616,-35.055,0.042,154.62,3245,11203714,20.99
2026-06-05 07:35:45.887,113,586986,max_steps,22.25,46.44,96.46,,,,,601990,15001,7343.1,799.98,0,111.79,111.79,40.79,70.81,6.88,6,0.0,2.08,-113.715,0.048,625.77,15001,11218713,23.97
2026-06-05 07:46:11.688,114,601990,max_steps,15.0,33.49,91.22,,,,,616994,15001,7065.1,4369.71,0,115.135,115.14,39.25,71.49,7.48,5,0.007,1.921,-117.891,0.045,625.83,15001,11233714,23.97
2026-06-05 07:56:37.545,115,616994,max_steps,23.39,34.67,92.98,,,,,631998,15001,7145.8,68.31,0,113.772,113.77,39.69,71.11,8.95,6,-0.001,2.121,-116.943,0.054,625.88,15001,11248715,23.97
2026-06-05 08:07:03.449,116,631998,out_of_track,43.08,46.57,94.18,3.0,904.5395677264969,516.1,-154.73,632963,962,478.8,904.54,0,0.0,0.0,41.43,70.92,7.65,1,0.005,1.078,-33.39,0.042,63.16,962,11249679,15.23
2026-06-05 08:08:06.624,117,632963,max_steps,10.91,26.13,98.79,,,,,647967,15001,7409.1,1060.79,0,111.182,111.18,41.16,72.03,4.01,6,0.001,2.054,-112.149,0.045,625.8,15001,11264678,23.97
2026-06-05 08:18:32.459,118,647967,out_of_track,20.88,21.54,89.42,3.0,1798.7259685520985,127.53,-208.17,652502,4532,2142.5,1798.73,0,119.343,119.34,39.39,71.16,8.89,2,0.006,1.844,-119.304,0.048,206.21,4532,11269212,21.98
2026-06-05 08:21:58.682,119,652502,max_steps,45.18,38.37,92.28,,,,,667506,15001,7123.3,4589.13,0,115.145,115.14,39.57,70.59,7.75,5,0.007,1.91,-116.493,0.048,625.81,15001,11284211,23.97
2026-06-05 08:32:24.520,120,667506,max_steps,23.62,43.17,92.81,,,,,682510,15001,7076.8,4405.34,0,116.479,116.48,39.31,71.59,9.22,5,0.007,1.924,-116.655,0.048,625.78,15001,11299212,23.97
2026-06-05 08:42:50.330,121,682510,out_of_track,25.24,25.45,85.38,3.0,878.720490487467,529.8,-127.51,683477,964,473.0,878.72,0,0.0,0.0,40.85,71.35,12.39,1,0.004,1.117,-34.638,0.042,63.17,964,11300178,15.26
2026-06-05 08:43:53.513,122,683477,max_steps,16.94,34.03,91.79,,,,,698481,15001,7069.2,4366.58,0,115.671,115.67,39.27,70.39,8.24,5,0.007,1.924,-118.224,0.048,625.72,15001,11315177,23.97
2026-06-05 08:54:19.259,123,698481,max_steps,21.33,23.37,96.46,,,,,713485,15001,7386.4,947.22,0,111.421,111.42,41.03,72.05,5.96,6,0.0,2.066,-113.046,0.048,625.82,15001,11330178,23.97
2026-06-05 09:04:45.106,124,713485,max_steps,32.72,29.44,99.0,,,,,728489,15001,7414.8,1072.3,0,111.157,111.16,41.19,72.12,7.16,6,0.001,2.054,-111.885,0.048,625.77,15001,11345179,23.97
2026-06-05 09:15:10.909,125,728489,out_of_track,21.19,20.45,92.11,3.0,4137.275151557988,-520.36,374.5,743177,14685,6995.7,4137.28,0,114.111,114.11,39.7,72.69,10.98,5,0.006,1.927,-117.738,0.048,613.15,14685,11359866,23.95
2026-06-05 09:25:24.075,126,743177,max_steps,5.1,45.75,95.06,,,,,758181,15001,7289.0,588.07,0,111.618,111.62,40.49,71.79,7.75,6,-0.0,2.092,-114.987,0.045,626.01,15001,11374865,23.96
2026-06-05 09:35:50.112,127,758181,out_of_track,40.04,41.33,86.84,4.0,1809.3606336462835,137.9,-202.4,759780,1596,754.9,1809.36,0,0.0,0.0,39.39,67.56,9.65,1,0.018,0.861,-34.371,0.042,88.5,1596,11376463,18.03
2026-06-05 09:37:18.624,128,759780,max_steps,29.08,24.84,94.32,,,,,774784,15001,7327.2,697.94,0,112.208,112.21,40.7,72.05,6.59,6,-0.0,2.087,-114.534,0.045,625.77,15001,11391462,23.97
2026-06-05 09:47:44.424,129,774784,out_of_track,25.95,39.84,85.39,3.0,906.4057077910547,515.06,-156.47,775812,1025,481.1,906.41,0,0.0,0.0,39.07,67.08,7.66,1,0.006,1.084,-34.68,0.042,65.62,1025,11392489,15.62
2026-06-05 09:48:50.053,130,775812,max_steps,39.19,43.21,97.24,,,,,790816,15001,7337.7,742.38,0,112.106,112.11,40.76,71.52,8.93,6,0.0,2.085,-113.907,0.045,625.73,15001,11407488,23.97
2026-06-05 09:59:15.806,131,790816,out_of_track,16.77,41.32,92.33,3.0,4034.584282208525,-572.57,290.05,793915,3096,1430.0,4034.58,0,0.0,0.0,38.48,70.44,7.79,1,0.029,0.602,-33.459,0.042,148.62,3096,11410586,20.83
2026-06-05 10:01:44.433,132,793915,out_of_track,11.86,42.09,99.38,3.0,4031.922571046889,-574.27,287.77,802482,8564,4174.9,4031.92,0,111.708,111.71,40.62,71.39,6.6,3,0.01,1.747,-112.11,0.048,367.78,8564,11419150,23.29
2026-06-05 10:07:52.231,133,802482,max_steps,34.19,31.66,94.99,,,,,817486,15001,7269.8,523.16,0,112.089,112.09,40.38,71.22,6.73,6,-0.0,2.096,-115.251,0.048,626.04,15001,11434149,23.96
2026-06-05 10:18:18.301,134,817486,max_steps,46.64,27.01,96.49,,,,,832490,15001,7370.7,889.83,0,111.692,111.69,40.94,71.83,6.02,6,0.0,2.072,-113.43,0.048,625.88,15001,11449150,23.97
2026-06-05 10:28:44.206,135,832490,out_of_track,23.61,46.08,89.78,3.0,3491.4687568484806,-407.12,356.41,841194,8701,4051.9,3491.47,0,119.29,119.29,38.8,69.99,17.71,3,0.009,1.85,-119.853,0.048,373.25,8701,11457853,23.31
2026-06-05 10:34:57.474,136,841194,max_steps,19.22,43.12,95.55,,,,,856198,15001,7265.0,522.87,0,112.957,112.96,40.36,71.11,7.3,6,-0.0,2.098,-115.035,0.144,626.36,15001,11472852,23.95
2026-06-05 10:45:23.867,137,856198,out_of_track,46.28,46.66,85.1,3.0,897.41124522272,520.49,-147.99,857204,1003,476.9,897.41,0,0.0,0.0,39.58,69.49,8.4,1,0.006,1.094,-34.611,0.051,64.9,1003,11473857,15.45
2026-06-05 10:46:28.781,138,857204,out_of_track,34.79,43.66,91.98,3.0,1779.1090888663894,110.59,-222.05,858736,1529,744.1,1779.11,0,0.0,0.0,40.53,66.95,7.95,1,0.018,0.854,-33.357,0.048,85.87,1529,11475386,17.81
2026-06-05 10:47:54.664,139,858736,out_of_track,12.63,21.62,87.81,3.0,2163.273518703063,451.4,-284.12,860605,1866,864.3,2163.27,0,0.0,0.0,38.58,70.16,8.95,1,0.022,0.794,-34.248,0.048,99.48,1866,11477252,18.76
2026-06-05 10:49:34.154,140,860605,max_steps,23.6,37.26,93.14,,,,,875609,15001,7187.3,207.02,0,113.117,113.12,39.92,71.74,7.99,6,-0.0,2.114,-116.253,0.051,626.23,15001,11492251,23.95
2026-06-05 11:00:00.406,141,875609,out_of_track,0.15,41.15,90.74,3.0,4026.5422195800056,-577.72,283.1,878773,3161,1429.3,4026.54,0,0.0,0.0,37.67,70.93,8.19,1,0.029,0.604,-33.945,0.048,151.22,3161,11495414,20.9
2026-06-05 11:02:31.639,142,878773,max_steps,15.88,43.68,94.69,,,,,893777,15001,7275.3,538.83,0,111.842,111.84,40.41,71.59,7.11,6,-0.0,2.096,-114.96,0.048,625.98,15001,11510413,23.96
2026-06-05 11:12:57.647,143,893777,max_steps,31.86,38.57,92.55,,,,,908781,15001,7089.9,4427.88,0,115.087,115.09,39.38,71.55,11.33,5,0.007,1.923,-117.756,0.048,625.79,15001,11525414,23.97
2026-06-05 11:23:23.458,144,908781,out_of_track,14.29,43.9,85.66,3.0,891.9795069927932,523.53,-142.44,909776,992,477.1,891.98,0,0.0,0.0,40.04,70.02,9.2,1,0.005,1.104,-34.722,0.048,64.33,992,11526408,15.42
2026-06-05 11:24:27.796,145,909776,max_steps,37.64,40.43,94.32,,,,,924780,15001,7161.4,84.94,0,114.78,114.78,39.78,71.43,9.08,6,-0.001,2.121,-115.878,0.051,625.9,15001,11541407,23.97
2026-06-05 11:34:53.720,146,924780,out_of_track,36.92,33.73,85.12,3.0,890.8658306208963,524.24,-141.27,925773,990,476.0,890.87,0,0.0,0.0,40.02,71.3,9.5,1,0.005,1.106,-34.764,0.048,64.29,990,11542399,15.4
2026-06-05 11:35:58.024,147,925773,max_steps,30.88,26.34,95.29,,,,,940777,15001,7365.3,836.94,0,111.467,111.47,40.91,72.06,8.07,6,0.0,2.078,-114.144,0.048,625.9,15001,11557398,23.97
2026-06-05 11:46:23.946,148,940777,out_of_track,46.56,31.3,88.01,3.0,889.566450287748,525.23,-139.99,941754,974,475.9,889.57,0,0.0,0.0,40.67,70.43,10.09,1,0.005,1.102,-34.338,0.048,63.58,974,11558374,15.32
2026-06-05 11:47:27.542,149,941754,out_of_track,10.25,42.88,97.59,3.0,2595.276766926254,165.68,-23.77,946636,4879,2364.3,2595.28,0,114.436,114.44,40.37,72.01,6.81,2,0.01,1.705,-114.393,0.048,220.09,4879,11563253,22.17
2026-06-05 11:51:07.649,150,946636,max_steps,0.93,20.2,93.63,,,,,961640,15001,7286.0,543.21,0,112.198,112.2,40.47,71.83,11.83,6,-0.0,2.096,-116.334,0.051,625.92,15001,11578252,23.97
2026-06-05 12:01:33.592,151,961640,out_of_track,49.92,24.97,88.77,3.0,2986.2078276163084,-165.83,-87.84,964071,2428,1114.2,2986.21,0,0.0,0.0,38.23,68.55,8.79,1,0.026,0.697,-34.317,0.042,121.84,2428,11580682,19.93
2026-06-05 12:03:35.439,152,964071,max_steps,34.24,24.93,97.33,,,,,979075,15001,7381.0,922.25,0,111.489,111.49,41.0,71.32,7.17,6,0.0,2.069,-114.756,0.045,625.69,15001,11595681,23.98
2026-06-05 12:14:01.151,153,979075,out_of_track,16.27,37.32,97.61,3.0,3480.134657011513,-391.25,368.1,990019,10941,5391.1,3480.13,0,111.647,111.65,41.06,70.69,24.15,4,0.006,1.884,-112.824,0.045,463.09,10941,11606624,23.63
2026-06-05 12:21:44.271,154,990019,out_of_track,37.8,35.55,87.28,3.0,879.8008441515049,529.91,-128.81,990974,952,473.2,879.8,0,0.0,0.0,41.38,71.14,12.6,1,0.004,1.12,-34.521,0.045,62.67,952,11607576,15.19
2026-06-05 12:22:46.952,155,990974,max_steps,49.04,29.25,97.02,,,,,1005978,15001,7396.4,979.99,0,111.07,111.07,41.09,71.46,6.3,6,0.0,2.062,-112.674,0.045,625.85,15001,11622575,23.97
2026-06-05 12:33:12.830,156,1005978,max_steps,31.92,45.7,94.91,,,,,1020982,15001,7140.5,55.61,0,114.226,114.23,39.66,70.6,7.08,6,-0.001,2.122,-116.877,0.048,625.72,15001,11637576,23.97
2026-06-05 12:43:38.568,157,1020982,out_of_track,14.89,32.47,92.86,3.0,902.9381618646221,517.17,-153.33,1027788,6803,3252.6,902.94,0,116.407,116.41,39.84,70.92,7.87,3,0.001,2.043,-116.964,0.048,297.19,6803,11644381,22.89
2026-06-05 12:48:35.770,158,1027788,max_steps,40.7,34.59,98.72,,,,,1042792,15001,7345.0,817.45,0,111.633,111.63,40.8,71.43,6.95,6,0.0,2.077,-115.398,0.045,625.82,15001,11659380,23.97
2026-06-05 12:59:01.615,159,1042792,out_of_track,49.22,38.8,85.19,3.0,886.578628190473,526.46,-136.6,1043792,997,475.6,886.58,0,0.0,0.0,39.71,69.33,10.43,1,0.004,1.131,-35.664,0.042,64.52,997,11660379,15.45
2026-06-05 13:00:06.146,160,1043792,out_of_track,0.93,36.07,88.17,3.0,879.4064456133128,529.27,-128.33,1044738,943,472.7,879.41,0,0.0,0.0,41.73,71.37,11.92,1,0.004,1.116,-34.236,0.045,62.29,943,11661322,15.14
2026-06-05 13:01:08.443,161,1044738,max_steps,37.78,39.53,99.72,,,,,1059742,15001,7376.6,913.51,0,111.637,111.64,40.98,71.48,7.79,6,0.0,2.07,-113.031,0.048,625.72,15001,11676321,23.97
2026-06-05 13:11:34.191,162,1059742,max_steps,25.69,36.13,89.9,,,,,1074746,15001,6937.9,3907.07,0,118.031,118.03,38.54,70.94,8.24,5,0.006,1.982,-125.109,0.045,625.71,15001,11691322,23.97
